City_ID,City,Lat,Lng,Max Temp,Humidity,Cloudiness,Wind Speed,Country,Date
0,vallenar,-28.5708,-70.7581,294.25,39,100,1.82,CL,1691589045
1,maceio,-9.6658,-35.7353,298.84,73,75,5.14,BR,1691589046
2,oppdal,62.5943,9.6912,285.91,70,98,6.81,NO,1691589046
3,isangel,-19.55,169.2667,293.33,72,70,6.06,VU,1691589046
4,margaret river,-33.95,115.0667,284.48,69,74,0.87,AU,1691588864
5,tiksi,71.6872,128.8694,289.87,53,22,3.67,RU,1691589047
6,adamstown,-25.066,-130.1015,293.43,63,83,11.94,PN,1691589047
7,mamuju,-2.6748,118.8885,298.79,86,43,2.73,ID,1691589047
8,coyhaique,-45.5752,-72.0662,277.12,100,100,1.54,CL,1691588875
9,queenstown,-31.8976,26.8753,293.21,31,0,1.4,ZA,1691589048
10,lazaro cardenas,17.9583,-102.2,301.28,82,63,1.8,MX,1691589048
11,college,64.8569,-147.8028,289.12,96,100,0.0,US,1691589048
12,waitangi,-43.9535,-176.5597,282.49,77,54,4.47,NZ,1691589048
13,ambodifotatra,-16.9833,49.85,296.52,78,10,8.26,MG,1691589048
14,aasiaat,68.7098,-52.8699,277.97,75,62,1.86,GL,1691589049
15,west island,-12.1568,96.8225,299.14,73,75,6.69,CC,1691589049
16,hermanus,-34.4187,19.2345,293.6,62,0,3.95,ZA,1691589049
17,uturoa,-16.7333,-151.4333,298.28,71,98,7.88,PF,1691589049
18,port-aux-francais,-49.35,70.2167,275.63,75,10,8.82,TF,1691589050
19,hastings,50.8552,0.5729,296.15,22,16,3.63,GB,1691589050
20,taro,-8.3862,115.28,294.18,92,55,0.77,ID,1691589050
21,taroa,8.7058,171.2275,300.07,82,42,4.34,MH,1691589050
22,puerto ayora,-0.7393,-90.3518,297.34,91,100,1.34,EC,1691589050
23,roma,43.2128,-75.4557,295.58,84,75,4.12,US,1691588883
24,ushuaia,-54.8,-68.3,275.96,87,0,1.03,AR,1691589051
25,mochudi,-24.4167,26.15,297.48,14,1,4.31,BW,1691589051
26,vilyuchinsk,52.9306,158.4028,287.3,74,100,4.48,RU,1691589051
27,edinburgh of the seven seas,-37.0676,-12.3116,284.82,55,46,8.24,SH,1691589051
28,saipan,15.1355,145.701,300.54,100,40,3.6,MP,1691589052
29,montepuez,-13.1256,38.9997,301.11,23,23,2.56,MZ,1691589052
30,guatrache,-37.6678,-63.5302,284.21,50,84,7.87,AR,1691589052
31,anadyr,64.75,177.4833,282.04,87,100,5.0,RU,1691589052
32,klyuchi,52.2667,79.1667,298.01,38,14,1.34,RU,1691589052
33,hithadhoo,-0.6,73.0833,301.07,71,58,0.86,MV,1691589052
34,carnarvon,-24.8667,113.6333,293.68,72,73,6.63,AU,1691589053
35,krishnagiri,12.5333,78.2333,302.06,51,100,0.64,IN,1691589053
36,grytviken,-54.2811,-36.5092,268.78,81,15,4.39,GS,1691589053
37,ust-tsilma,65.441,52.1498,298.22,49,39,1.42,RU,1691589053
38,goondiwindi,-28.55,150.3167,284.55,55,85,3.58,AU,1691589053
39,inda silase,14.1031,38.2829,293.02,81,95,2.68,ET,1691589054
40,invercargill,-46.4,168.35,275.94,91,100,1.34,NZ,1691589054
41,qaqortoq,60.7167,-46.0333,281.9,63,27,3.36,GL,1691589054
42,albany,42.6001,-73.9662,296.28,74,100,0.89,US,1691589054
43,sao gabriel da cachoeira,-0.1303,-67.0892,298.04,100,100,1.54,BR,1691589055
44,kodiak,57.79,-152.4072,284.88,94,100,3.09,US,1691589055
45,papatowai,-46.5619,169.4708,275.89,80,80,3.67,NZ,1691589055
46,aykhal,66.0,111.5,290.95,47,0,7.36,RU,1691589055
47,minas de marcona,-15.2119,-75.1103,288.54,70,31,3.61,PE,1691589055
48,merritt,50.1123,-120.7942,287.77,93,100,0.45,CA,1691589055
49,ennis,52.8436,-8.9864,297.11,64,75,3.09,IE,1691589007
50,sitka,57.0531,-135.33,287.09,94,100,2.57,US,1691589056
51,masonboro,34.1793,-77.8475,302.12,67,0,1.34,US,1691589056
52,port mathurin,-19.6833,63.4167,296.19,65,65,8.01,MU,1691589056
53,tanumah,27.1,44.1333,315.21,6,0,6.34,SA,1691589056
54,yellowknife,62.456,-114.3525,288.44,72,100,4.63,CA,1691588821
55,olonkinbyen,70.9221,-8.7187,279.09,98,100,6.56,SJ,1691589056
56,whitehorse,60.7161,-135.0538,282.49,83,75,2.06,CA,1691589057
57,bredasdorp,-34.5322,20.0403,291.12,69,0,5.21,ZA,1691589057
58,badger,64.8,-147.5333,289.08,96,100,0.0,US,1691589057
59,acarau,-2.8856,-40.12,302.44,61,62,7.31,BR,1691589057
60,zheleznogorsk,52.331,35.3711,292.65,61,36,3.66,RU,1691589057
61,blackmans bay,-43.0167,147.3167,284.67,63,100,3.32,AU,1691589057
62,puerto natales,-51.7236,-72.4875,275.38,93,100,0.67,CL,1691588854
63,touros,-5.1989,-35.4608,301.99,63,53,7.6,BR,1691588864
64,ciudad lazaro cardenas,17.9583,-102.2,301.28,82,63,1.8,MX,1691589058
65,concepcion del oro,24.6333,-101.4167,292.47,53,7,2.5,MX,1691589058
66,maumere,-8.6199,122.2111,297.38,76,30,2.44,ID,1691589058
67,bilibino,68.0546,166.4372,280.21,63,100,1.81,RU,1691589058
68,taoudenni,22.6783,-3.9836,320.87,7,0,5.71,ML,1691589059
69,kharabali,47.4196,47.2568,310.78,21,100,4.42,RU,1691589059
70,ilulissat,69.2167,-51.1,282.16,61,20,2.06,GL,1691589059
71,pacific grove,36.6177,-121.9166,288.72,92,100,2.06,US,1691589059
72,krivodanovka,55.0881,82.6551,292.2,68,40,2.0,RU,1691589059
73,salekhard,66.53,66.6019,289.22,60,99,2.59,RU,1691589059
74,lihue,21.9789,-159.3672,299.92,75,100,8.23,US,1691589060
75,polyarnyy,69.1989,33.4478,297.44,57,1,2.05,RU,1691589060
76,codrington,-38.2667,141.9667,283.51,94,100,6.74,AU,1691589060
77,magadan,59.5667,150.8,285.62,71,99,3.76,RU,1691589060
78,shimoda,34.6667,138.95,299.32,90,55,4.95,JP,1691589060
79,longyearbyen,78.2186,15.6401,284.06,62,0,6.17,SJ,1691589061
80,paradise valley,33.5312,-111.9427,305.19,43,0,3.09,US,1691589061
81,bardai,11.65,7.2333,301.12,60,98,5.15,NG,1691589061
82,nadi,-17.8,177.4167,295.15,88,40,2.06,FJ,1691588841
83,port blair,11.6667,92.75,300.9,83,100,6.69,IN,1691589062
84,lethem,3.3803,-59.7968,304.07,59,12,2.78,GY,1691589062
85,st. john's,47.5649,-52.7093,287.41,88,100,1.03,CA,1691588884
86,mejit,10.2753,170.8646,301.13,71,69,4.81,MH,1691589063
87,hamilton,39.1834,-84.5333,297.47,85,0,3.6,US,1691588657
88,tolanaro,-25.0319,46.9987,296.19,78,40,8.23,MG,1691589064
89,vadso,70.0744,29.7487,301.64,54,0,3.6,NO,1691589065
90,papao,-17.75,-149.55,294.97,73,92,7.51,PF,1691589065
91,qusmuryn,52.4503,64.6311,294.68,63,87,5.8,KZ,1691589065
92,dudinka,69.4058,86.1778,294.61,62,59,4.41,RU,1691589066
93,nantucket,41.2835,-70.0995,297.18,70,100,6.17,US,1691588795
94,kidal,18.4411,1.4078,312.07,23,38,3.26,ML,1691589067
95,puerto vilelas,-27.5141,-58.9391,288.74,97,100,3.09,AR,1691589067
96,katsuren-haebaru,26.3369,127.8719,301.58,94,40,5.14,JP,1691589067
97,kayangel,8.0823,134.7173,301.2,76,94,7.02,PW,1691589067
98,pimentel,-6.8367,-79.9342,295.31,83,100,2.06,PE,1691589068
99,lebu,-37.6167,-73.65,285.97,76,100,7.86,CL,1691589068
100,kapa'a,22.0752,-159.319,300.33,80,100,8.23,US,1691589068
101,erdenet,49.0333,104.0833,288.77,97,99,2.85,MN,1691589068
102,adrar,20.5022,-10.0711,317.6,9,2,3.92,MR,1691589069
103,stanley,54.868,-1.6985,293.31,65,20,6.69,GB,1691589069
104,onverwacht,5.5833,-55.1833,304.18,50,57,2.46,SR,1691589069
105,puerto el triunfo,13.2833,-88.55,301.93,69,11,0.85,SV,1691589069
106,vorgashor,67.5833,63.95,285.83,57,98,2.45,RU,1691589070
107,udachny,66.4167,112.4,295.07,37,0,5.86,RU,1691589070
108,callao,-12.0667,-77.15,294.66,73,100,1.03,PE,1691589070
109,mount gambier,-37.8333,140.7667,283.24,92,91,5.93,AU,1691589070
110,privolzhskiy,51.4,46.0333,301.62,41,10,2.33,RU,1691589071
111,lillesand,58.2488,8.3778,288.9,58,20,6.69,NO,1691589071
112,dunedin,-45.8742,170.5036,275.82,83,100,2.68,NZ,1691588874
113,saint-pierre,-21.3393,55.4781,296.8,73,0,9.26,RE,1691589071
114,chibougamau,49.9168,-74.3659,287.94,77,40,3.09,CA,1691589072
115,pindobacu,-10.7417,-40.3608,296.2,68,99,4.4,BR,1691589072
116,lukolela,-1.0605,17.1821,302.37,52,89,0.4,CD,1691589072
117,trairi,-3.2778,-39.2689,303.06,57,47,6.53,BR,1691589072
118,mragowo,53.8644,21.3051,290.15,41,98,4.19,PL,1691589073
119,valdivia,-39.8142,-73.2459,281.2,97,100,1.47,CL,1691588825
120,nemuro,43.3236,145.575,292.19,100,100,6.26,JP,1691589073
121,kone,-21.0595,164.8658,288.34,89,26,1.87,NC,1691589073
122,taupo,-38.6833,176.0833,278.92,86,95,2.49,NZ,1691589073
123,ribeira grande,38.5167,-28.7,298.58,83,20,7.72,PT,1691589074
124,iqaluit,63.7506,-68.5145,278.0,93,100,5.14,CA,1691588781
125,diego martin,10.7005,-61.5342,302.75,84,84,2.14,TT,1691589074
126,saujon,45.6667,-0.9167,304.27,20,0,2.82,FR,1691589074
127,belen,36.4891,36.2233,302.23,52,40,11.32,TR,1691589074
128,pratt,37.6439,-98.7376,293.49,100,0,2.57,US,1691589075
129,afaahiti,-17.75,-149.2833,294.08,72,99,7.02,PF,1691589075
130,atafu village,-8.5421,-172.5159,301.12,80,96,5.48,TK,1691589075
131,bethel,41.3712,-73.414,298.16,68,0,4.63,US,1691589075
132,kyzyl,51.7,94.45,291.87,81,100,1.33,RU,1691589075
133,kununurra,-15.7667,128.7333,292.14,59,14,0.51,AU,1691589075
134,malmberget,67.1753,20.6549,292.46,49,92,5.66,SE,1691589076
135,malanje,-9.5402,16.341,305.7,14,4,1.68,AO,1691589076
136,kamina,-8.7386,24.9906,304.7,15,0,2.61,CD,1691589076
137,tazovsky,67.4667,78.7,282.75,82,100,7.44,RU,1691589077
138,skopin,53.8249,39.5505,298.71,51,66,4.25,RU,1691589077
139,belmonte,-15.8631,-38.8828,299.15,60,18,5.02,BR,1691589077
140,antofagasta,-23.65,-70.4,289.75,67,49,2.45,CL,1691589007
141,lapai,9.05,6.5667,301.89,68,90,2.59,NG,1691589077
142,marsabit,2.3284,37.9899,298.35,38,71,7.54,KE,1691589077
143,at-bashi,41.1702,75.8106,292.16,29,14,1.64,KG,1691589078
144,padang,-0.9492,100.3543,299.18,87,94,1.68,ID,1691589078
145,howrah,22.5892,88.3103,304.15,74,75,2.57,IN,1691589078
146,taksimo,56.3444,114.8794,292.55,60,95,0.98,RU,1691589078
147,hawaiian paradise park,19.5933,-154.9731,295.39,87,0,2.06,US,1691589078
148,iskateley,67.6803,53.1512,294.46,56,32,4.75,RU,1691589079
149,palmer,42.1584,-72.3287,297.17,64,75,3.58,US,1691589079
150,totness,5.8833,-56.3167,302.52,64,41,3.54,SR,1691589079
151,hasaki,35.7333,140.8333,300.54,90,0,5.85,JP,1691589079
152,arraial do cabo,-22.9661,-42.0278,296.07,73,75,6.17,BR,1691589079
153,sur,22.5667,59.5289,308.35,46,6,5.46,OM,1691589080
154,opuwo,-18.0607,13.84,302.59,12,6,3.2,NA,1691589080
155,muisne,0.6,-80.0333,298.96,82,99,3.6,EC,1691589080
156,isafjordur,66.0755,-23.124,284.17,71,0,6.69,IS,1691589080
157,roxas,11.5853,122.7511,298.79,84,33,3.52,PH,1691589080
158,wajir,1.7471,40.0573,304.13,40,100,4.12,KE,1691589081
159,picos,-7.0769,-41.4669,305.47,35,14,4.62,BR,1691589081
160,mira,45.4358,12.1348,301.54,57,0,2.57,IT,1691589081
161,thompson,55.7435,-97.8558,282.24,87,75,3.09,CA,1691589081
162,mount isa,-20.7333,139.5,284.02,71,7,0.0,AU,1691589082
163,isiolo,0.3546,37.5822,299.85,45,51,7.56,KE,1691589082
164,fandriana,-20.2333,47.3833,288.43,78,40,3.65,MG,1691589082
165,poronaysk,49.2167,143.1167,287.17,94,100,0.55,RU,1691589082
166,katsuura,35.1333,140.3,300.11,90,0,5.89,JP,1691589082
167,constantia,44.1833,28.65,299.65,56,0,5.75,RO,1691589083
168,shunyi,40.125,116.6453,302.12,84,55,1.0,CN,1691589083
169,gadzhiyevo,69.2551,33.3362,297.9,56,3,2.2,RU,1691589083
170,tengrela,10.4869,-6.4097,305.06,52,83,3.16,CI,1691589083
171,kapuskasing,49.4169,-82.4331,289.2,94,100,2.57,CA,1691589084
172,walvis bay,-22.9575,14.5053,290.68,72,0,3.6,NA,1691589084
173,torbat-e heydariyeh,35.274,59.2195,303.69,18,78,8.96,IR,1691589084
174,pisco,-13.7,-76.2167,290.94,88,100,2.06,PE,1691589084
175,wanning,18.8003,110.3967,301.34,75,100,3.4,CN,1691589084
176,tierp,60.3427,17.5181,290.35,74,87,5.36,SE,1691589084
177,utrik,11.2278,169.8474,301.28,75,41,5.58,MH,1691589085
178,rongelap,11.1635,166.8941,300.83,78,82,3.13,MH,1691589085
179,fort-shevchenko,44.5086,50.263,303.3,52,0,4.79,KZ,1691589085
180,ola,59.5833,151.2833,285.63,68,99,3.66,RU,1691589085
181,port elizabeth,-33.918,25.5701,292.65,72,75,8.23,ZA,1691589085
182,oranjemund,-28.55,16.4333,299.77,30,0,4.63,NA,1691589086
183,georgetown,5.4112,100.3354,303.14,76,20,2.24,MY,1691588874
184,dalandzadgad,43.5708,104.425,296.45,56,100,6.69,MN,1691589086
185,tromso,69.6496,18.957,298.16,38,0,7.2,NO,1691588953
186,brisas de zicatela,15.8369,-97.0419,300.95,77,100,1.7,MX,1691589086
187,wailua homesteads,22.0669,-159.378,299.59,80,100,8.23,US,1691589087
188,karratha,-20.7377,116.8463,295.45,62,0,3.14,AU,1691589087
189,denov,38.2667,67.9,308.47,13,0,3.96,UZ,1691589087
190,ginir,7.1333,40.7,293.29,59,85,4.14,ET,1691589087
191,morant bay,17.8815,-76.4093,305.21,68,5,3.72,JM,1691589087
192,punta arenas,-53.15,-70.9167,276.99,90,100,4.26,CL,1691588935
193,pires do rio,-17.2997,-48.2794,301.12,30,0,7.27,BR,1691589088
194,weno,7.4515,151.8468,300.12,89,100,2.57,FM,1691589088
195,hanceville,34.0607,-86.7675,296.42,72,39,1.87,US,1691589088
196,garmisch-partenkirchen,47.4921,11.0958,291.34,83,100,1.39,DE,1691589088
197,hobyo,5.3505,48.5268,299.28,74,32,12.84,SO,1691589088
198,revelstoke,50.9832,-118.2023,290.16,94,100,1.03,CA,1691589089
199,bethanie,-26.4833,17.15,299.98,14,0,5.77,NA,1691589089
200,xilin hot,43.9667,116.0333,291.6,59,2,2.18,CN,1691589089
201,jiangyou,31.7667,104.7167,299.37,87,100,1.42,CN,1691589089
202,laascaanood,8.4774,47.3597,302.39,38,98,10.68,SO,1691589089
203,choyr,46.3611,108.3611,296.22,38,100,7.08,MN,1691589090
204,ternate,0.8,127.4,300.14,78,96,3.44,ID,1691589090
205,susuman,62.7833,148.1667,277.26,93,66,1.1,RU,1691589090
206,elektrenai,54.7667,24.6333,293.44,62,18,3.04,LT,1691589090
207,pagar alam,-4.0167,103.2667,293.63,86,100,1.23,ID,1691589091
208,ogulin,45.2661,15.2286,297.73,55,100,1.18,HR,1691589091
209,acapulco de juarez,16.8634,-99.8901,300.0,87,100,2.76,MX,1691589091
210,kanash,55.5086,47.4956,300.52,37,0,4.14,RU,1691589091
211,illizi,26.4833,8.4667,312.04,10,0,6.12,DZ,1691589091
212,quellon,-43.1167,-73.6167,285.29,94,100,8.75,CL,1691588854
213,gaigeturi,33.4644,126.3183,301.18,78,100,6.69,KR,1691589092
214,qoryooley,1.7878,44.53,300.0,62,23,8.72,SO,1691589092
215,tazacorte,28.629,-17.9293,299.69,83,40,5.14,ES,1691589092
216,rexburg,43.826,-111.7897,284.26,87,0,0.0,US,1691589093
217,ust-nera,64.5667,143.2,286.47,72,49,1.97,RU,1691589093
218,jamestown,42.097,-79.2353,297.05,86,75,3.13,US,1691589053
219,saint-amand-montrond,46.75,2.5,299.97,40,0,3.0,FR,1691589093
220,coffs harbour,-30.3,153.1333,285.13,87,2,3.6,AU,1691589093
221,flin flon,54.7682,-101.865,284.06,76,20,3.6,CA,1691589094
222,namibe,-15.1961,12.1522,295.5,73,75,4.12,AO,1691589094
223,ta`u,-14.2336,-169.5144,299.94,76,9,5.11,AS,1691589094
224,faya-largeau,17.9257,19.1043,310.36,33,65,2.16,TD,1691589094
225,zaozersk,69.4005,32.4476,298.24,57,5,2.92,RU,1691589095
226,kozhevnikovo,56.2589,83.9714,291.07,85,70,3.16,RU,1691589095
227,olinda,-8.0089,-34.8553,300.0,69,75,7.2,BR,1691589095
228,tsiombe,-25.3,45.4833,295.53,71,56,5.43,MG,1691589095
229,haiku-pauwela,20.9219,-156.3051,297.62,72,0,4.63,US,1691589095
230,bayanhongor,46.7167,100.1167,284.96,84,28,1.95,MN,1691589095
231,ust'-ilimsk,58.0006,102.6619,292.73,73,84,0.34,RU,1691589096
232,kruisfontein,-34.0033,24.7314,291.42,66,66,7.63,ZA,1691589096
233,chegdomyn,51.1167,133.0167,289.76,71,99,0.66,RU,1691589096
234,kogalym,62.2654,74.4791,286.34,56,100,8.32,RU,1691589096
235,ambovombe,-25.1667,46.0833,294.62,78,12,7.02,MG,1691589097
236,fort bragg,35.139,-79.006,300.39,64,0,4.63,US,1691589097
237,praia,14.9215,-23.5087,303.45,48,40,6.69,CV,1691589097
238,mayya,61.7333,130.2811,288.77,61,0,2.51,RU,1691589097
239,columbus,39.9612,-82.9988,297.43,83,0,3.09,US,1691588844
240,tralee,52.2704,-9.7026,297.29,60,20,5.66,IE,1691589097
241,tura,25.5198,90.2201,297.48,96,100,1.31,IN,1691589098
242,dawson creek,55.7666,-120.2362,287.95,88,75,1.03,CA,1691589098
243,nieuw amsterdam,5.8833,-55.0833,304.27,73,42,2.87,SR,1691589098
244,yuzhno-kurilsk,44.0306,145.8556,292.83,100,100,4.48,RU,1691589098
245,hainburg an der donau,48.1463,16.945,291.96,85,100,1.15,AT,1691589098
246,puerto baquerizo moreno,-0.9,-89.6,296.32,78,95,4.92,EC,1691589098
247,muynoq,43.7683,59.0214,307.11,24,0,3.27,UZ,1691589099
248,flying fish cove,-10.4217,105.6791,297.97,83,75,7.72,CX,1691589099
249,iaciara,-14.0958,-46.6317,304.77,27,0,3.16,BR,1691589099
250,calvinia,-31.4707,19.776,295.37,19,0,2.96,ZA,1691589099
251,ponta delgada,37.7333,-25.6667,297.55,88,75,6.17,PT,1691589099
252,pangody,65.85,74.4859,286.29,54,83,9.94,RU,1691589099
253,happy valley-goose bay,53.3168,-60.3315,289.32,88,100,1.54,CA,1691589099
254,revda,56.801,59.9303,296.32,60,21,1.85,RU,1691589100
255,saratoga springs,43.0831,-73.7846,297.12,74,97,0.89,US,1691589100
256,alpine,32.835,-116.7664,294.87,71,0,0.0,US,1691589100
257,sao felix do xingu,-6.6447,-51.995,309.31,28,8,1.15,BR,1691589100
258,portland,45.5234,-122.6762,291.28,81,75,1.54,US,1691588824
259,la libertad,-2.2333,-80.9,297.96,83,75,3.09,EC,1691589100
260,kanniyakumari,8.0833,77.5667,300.58,77,100,9.06,IN,1691589101
261,zhalantun,48.0,122.7167,289.84,88,93,2.46,CN,1691589101
262,xinyuan,37.3,99.0,285.96,86,94,1.27,CN,1691589101
263,skowhegan,44.7651,-69.7192,295.46,79,98,5.93,US,1691589101
264,novodvinsk,64.4165,40.8122,298.94,42,1,2.72,RU,1691589101
265,avarua,-21.2078,-159.775,295.18,73,20,6.17,CK,1691589101
266,okha,53.5739,142.9478,284.97,95,18,2.48,RU,1691589102
267,nyrob,60.733,56.7202,295.98,51,96,2.34,RU,1691589102
268,fonte boa,-2.4959,-66.2662,303.11,65,47,0.69,BR,1691589102
269,wewak,-3.5534,143.6268,300.09,84,73,4.69,PG,1691589102
270,prince rupert,54.3161,-130.3201,286.2,94,100,7.2,CA,1691588982
271,carthage,36.8611,10.3316,303.89,42,20,3.6,TN,1691588957
272,presidencia de la plaza,-27.0015,-59.8424,289.89,86,100,1.94,AR,1691589103
273,keflavik,64.0049,-22.5624,290.1,55,75,5.14,IS,1691589103
274,namsos,64.4662,11.4957,293.18,40,20,8.75,NO,1691589103
275,goth garelo,27.4352,68.0755,314.94,23,92,4.69,PK,1691589103
276,enewetak,11.3474,162.3373,301.28,79,96,5.45,MH,1691589103
277,pointe-calumet,45.5001,-73.9659,295.43,79,40,4.12,CA,1691589103
278,sisimiut,66.9395,-53.6735,280.58,70,100,3.04,GL,1691589104
279,saint-philippe,-21.3585,55.7679,295.92,79,39,3.96,RE,1691589104
280,santa ana de yacuma,-13.75,-65.4333,298.12,61,74,2.57,BO,1691589104
281,east london,-33.0153,27.9116,291.67,68,100,6.17,ZA,1691589104
282,petrovsk,52.3064,45.3917,302.06,35,44,3.18,RU,1691589104
283,kinana,14.0361,33.1712,307.9,36,67,4.9,SD,1691589104
284,nar'yan-mar,67.6713,53.087,294.83,55,25,4.74,RU,1691589105
285,ulladulla,-35.35,150.4667,285.27,68,81,3.48,AU,1691589105
286,talnakh,69.4865,88.3972,294.38,52,61,5.1,RU,1691589105
287,carmen,18.6333,-91.8333,302.17,74,40,8.23,MX,1691588871
288,kahramanmaras,38.0,37.0,306.32,17,0,7.03,TR,1691589105
289,arteche,12.2645,125.4048,299.75,84,10,2.62,PH,1691589105
290,yeppoon,-23.1333,150.7333,288.03,79,20,4.79,AU,1691589106
291,port lincoln,-34.7333,135.8667,285.26,70,3,6.81,AU,1691589106
292,zhumysker,49.3333,49.4,307.64,22,26,5.56,KZ,1691589106
293,ancud,-41.8697,-73.8203,284.72,89,100,10.07,CL,1691589106
294,port alfred,-33.5906,26.891,292.14,74,75,3.58,ZA,1691589106
295,gavrilov posad,56.5597,40.1175,298.3,59,92,5.1,RU,1691589106
296,andrelandia,-21.7397,-44.3092,293.79,61,80,3.96,BR,1691589107
297,remire-montjoly,4.9167,-52.2667,304.17,66,75,2.57,GF,1691589107
298,siwa oasis,29.2041,25.5195,309.96,21,0,4.45,EG,1691589107
299,bac lieu,9.285,105.7244,301.1,77,1,5.41,VN,1691589107
300,viqueque,-8.8673,126.3658,295.75,89,63,1.67,TL,1691589107
301,mountain home,43.133,-115.6912,290.45,56,40,4.63,US,1691589107
302,tombodu,8.1333,-10.6167,299.11,91,89,1.69,SL,1691589108
303,nova vicosa,-17.8919,-39.3719,298.44,66,6,4.01,BR,1691589108
304,soio,-6.1349,12.3689,297.83,72,16,5.49,AO,1691589108
305,liuhe,42.2401,125.7172,290.87,97,22,1.35,CN,1691589108
306,quthing,-30.4,27.7003,291.03,24,0,0.62,LS,1691589108
307,lake monticello,37.9232,-78.3347,298.96,73,1,2.21,US,1691589108
308,tandalti,13.0167,31.8667,307.65,35,29,0.74,SD,1691589109
309,imbituba,-28.24,-48.6703,290.29,95,100,6.02,BR,1691589109
310,albu kamal,34.45,40.9186,316.31,15,0,3.61,SY,1691589109
311,kuanda,56.3161,116.0806,293.75,57,87,2.75,RU,1691589109
312,suva,-18.1416,178.4415,295.86,94,75,1.54,FJ,1691589109
313,broome,42.2506,-75.833,296.42,70,0,4.12,US,1691589110
314,kavaratti,10.5669,72.642,301.25,77,100,7.43,IN,1691589110
315,puerto armuelles,8.2833,-82.8667,300.42,91,58,1.34,PA,1691589110
316,santa elena de uairen,4.6167,-61.1333,297.83,68,86,3.47,VE,1691589110
317,new norfolk,-42.7826,147.0587,285.33,61,100,3.01,AU,1691589110
318,mount pearl,47.5166,-52.7813,287.51,88,100,1.03,CA,1691589110
319,zheleznogorsk-ilimskiy,56.5768,104.1217,290.56,95,100,1.83,RU,1691589111
320,plastun,44.7561,136.2939,289.55,98,100,1.56,RU,1691589111
321,prainha,-1.8,-53.48,304.83,53,1,2.73,BR,1691589111
322,kiama,-34.6833,150.8667,287.36,72,74,0.89,AU,1691589111
323,north bend,43.4065,-124.2243,289.91,100,100,2.06,US,1691589111
324,huaicheng,23.9051,112.1931,300.81,81,82,0.67,CN,1691589111
325,kayyerkan,69.3786,87.7439,294.43,52,74,4.68,RU,1691589112
326,coquimbo,-29.9533,-71.3436,286.0,87,0,0.0,CL,1691589007
327,vuktyl,63.8567,57.3094,295.43,45,23,3.44,RU,1691589112
328,rye,40.9807,-73.6837,299.25,67,20,6.69,US,1691589112
329,ghadamis,30.1337,9.5007,311.91,15,0,5.43,LY,1691589112
330,holualoa,19.6228,-155.9522,297.06,77,20,2.24,US,1691588822
331,luganville,-15.5333,167.1667,294.03,94,100,4.22,VU,1691589113
332,kargasok,59.0556,80.8572,290.77,68,91,3.46,RU,1691589113
333,hirara,24.8,125.2833,301.3,89,75,2.06,JP,1691589113
334,saldanha,-33.0117,17.9442,298.18,68,0,4.77,ZA,1691589113
335,castillos,-34.1667,-53.8333,288.95,72,100,6.42,UY,1691589113
336,borogontsy,62.6683,131.1683,287.18,69,100,2.41,RU,1691589113
337,sandnessjoen,66.0217,12.6316,295.21,33,20,5.66,NO,1691589114
338,gisborne,-38.6533,178.0042,278.58,83,36,3.64,NZ,1691589114
339,cabo san lucas,22.8909,-109.9124,303.99,70,0,12.35,MX,1691589028
340,khedbrahma,24.0333,73.05,300.38,78,100,2.96,IN,1691589114
341,vilyuysk,63.7553,121.6247,290.37,50,0,3.86,RU,1691589114
342,marka,1.7159,44.7717,298.63,77,6,8.03,SO,1691589114
343,valparaiso,-33.0393,-71.6273,288.15,86,100,2.57,CL,1691589023
344,juan de ayolas,-27.4,-56.9,290.47,93,100,1.08,PY,1691589115
345,qarqaraly,49.4058,75.4742,294.34,62,59,2.52,KZ,1691589115
346,kill devil hills,36.0307,-75.676,300.92,68,0,3.09,US,1691589115
347,gafanha da nazare,40.6362,-8.7134,302.05,61,69,4.38,PT,1691589115
348,selkirk,50.1436,-96.8845,289.88,79,7,5.05,CA,1691589013
349,port macquarie,-31.4333,152.9167,280.87,92,7,2.8,AU,1691589115
350,chiroqchi,39.0336,66.5722,306.56,17,0,5.16,UZ,1691589116
351,bissora,12.2231,-15.4475,304.19,58,100,1.54,GW,1691589116
352,magdagachi,53.45,125.8,289.53,80,95,1.05,RU,1691589116
353,el nido,11.1858,119.3956,300.9,83,33,5.23,PH,1691589116
354,vila franca do campo,37.7167,-25.4333,297.38,85,89,8.29,PT,1691589116
355,broken hill,-31.95,141.4333,286.07,43,0,7.04,AU,1691589117
356,pasil,17.3833,121.1333,293.48,94,100,1.98,PH,1691589117
357,san patricio,28.017,-97.5169,303.25,66,2,7.7,US,1691589117
358,labrador city,52.9463,-66.9114,284.1,93,100,2.57,CA,1691589118
359,kungsbacka,57.4872,12.0761,287.69,85,100,8.94,SE,1691589118
360,shache,38.4167,77.2406,305.32,18,95,3.65,CN,1691589118
361,alesund,62.4723,6.1549,287.54,82,75,6.17,NO,1691589118
362,yorkton,51.2167,-102.4677,283.06,100,40,2.57,CA,1691589112
363,naze,28.3667,129.4833,298.66,89,100,7.72,JP,1691589118
364,chonchi,-42.6128,-73.8092,283.77,94,100,4.74,CL,1691589119
365,saint-francois,46.4154,3.9054,301.3,34,0,3.09,FR,1691589119
366,tsubata,36.6667,136.7333,303.27,85,95,1.07,JP,1691589119
367,borzya,50.3833,116.5167,291.76,54,100,2.21,RU,1691589119
368,saudarkrokur,65.7461,-19.6394,283.34,66,12,5.11,IS,1691589119
369,rimouski,48.4488,-68.524,287.25,99,100,2.17,CA,1691588909
370,powell,40.1578,-83.0752,296.98,83,0,2.06,US,1691588954
371,looe,50.3578,-4.4542,295.77,86,72,2.91,GB,1691589120
372,kegalle,7.2532,80.3454,297.96,81,100,1.58,LK,1691589120
373,shilka,51.85,116.0333,295.66,37,100,1.82,RU,1691589120
374,freeport,40.6576,-73.5832,299.36,62,0,8.23,US,1691588942
375,emirgazi,37.9022,33.8372,308.1,23,0,3.7,TR,1691589120
376,paita,-5.0892,-81.1144,295.46,77,58,4.22,PE,1691589121
377,buka,40.8108,69.1986,307.49,19,0,5.36,UZ,1691589121
378,mata-utu,-13.2816,-176.1745,300.81,77,58,4.69,WF,1691589121
379,verkhotur'ye,58.8627,60.8054,296.77,65,100,0.78,RU,1691589121
380,margate,51.3813,1.3862,294.75,55,89,2.68,GB,1691589122
381,poso,-1.3959,120.7524,300.01,78,38,1.9,ID,1691589122
382,lospalos,-8.5186,127.0025,293.18,95,80,2.14,TL,1691589122
383,lubang,13.8584,120.124,301.73,80,48,5.41,PH,1691589123
384,axim,4.8699,-2.2405,297.89,82,100,5.58,GH,1691589123
385,amos,48.5669,-78.1162,294.55,61,50,1.91,CA,1691589123
386,molde,62.7375,7.1591,288.06,77,75,4.63,NO,1691589123
387,malango,-2.9627,119.9001,293.41,99,96,0.32,ID,1691589123
388,cookeville,36.1628,-85.5016,294.8,97,100,2.57,US,1691589027
389,itaituba,-4.2761,-55.9836,304.24,70,0,2.57,BR,1691589124
390,colonia,50.9333,6.95,297.62,53,75,3.09,DE,1691589124
391,nyurba,63.2842,118.3319,292.09,53,0,3.49,RU,1691589124
392,bowen,-20.0167,148.2333,291.07,84,3,5.44,AU,1691589125
393,yanchep,-31.55,115.6833,285.53,74,7,3.59,AU,1691589125
394,lagunas,-5.2269,-75.6753,299.59,80,99,1.3,PE,1691589125
395,kovrov,56.3572,41.3192,297.32,65,75,3.14,RU,1691589125
396,praia da vitoria,38.7333,-27.0667,301.29,69,20,6.36,PT,1691589125
397,northumberland,55.25,-2.0,291.56,68,85,4.63,GB,1691589125
398,nova sintra,14.8667,-24.7167,295.99,72,38,5.5,CV,1691589126
399,mitu,1.1983,-70.1733,302.25,65,20,0.37,CO,1691589126
400,conde,-7.2597,-34.9075,300.85,69,75,6.17,BR,1691589126
401,gagliano del capo,39.8442,18.3695,302.51,36,20,5.66,IT,1691589126
402,dali,25.7,100.1833,292.62,87,83,0.92,CN,1691589127
403,urangan,-25.3,152.9,290.59,71,4,3.67,AU,1691589127
404,el sauzal de rodriguez,31.9,-116.6833,292.83,81,7,1.23,MX,1691589127
405,pala,9.3642,14.9046,294.65,95,100,1.24,TD,1691589127
406,kirtland,36.7342,-108.3598,289.63,73,0,3.09,US,1691589127
407,fort st. john,56.2499,-120.8529,286.09,94,75,2.06,CA,1691588928
408,worthington,40.0931,-83.018,297.01,83,0,3.09,US,1691589125
409,mina clavero,-31.721,-65.0062,288.39,33,100,2.15,AR,1691589128
410,mendoza,-32.8908,-68.8272,280.89,49,0,2.06,AR,1691589122
411,jaszapati,47.5167,20.15,299.76,39,100,3.55,HU,1691589128
412,al wafrah,28.6392,47.9306,316.0,12,0,6.16,KW,1691589129
413,chinde,26.8418,88.0763,296.32,96,99,1.27,NP,1691589129
414,mahdishahr,35.7108,53.3556,300.93,24,0,5.32,IR,1691589129
415,watertown,42.3709,-71.1828,298.41,65,20,6.69,US,1691589031
416,mumford,5.2618,-0.759,297.39,85,100,6.8,GH,1691589129
417,sanming,26.2486,117.6186,300.61,89,99,1.11,CN,1691589129
418,harper,4.375,-7.7169,298.82,79,93,6.46,LR,1691589130
419,ulsteinvik,62.3432,5.8487,287.54,90,100,5.81,NO,1691589130
420,macia,-25.0269,33.0989,294.99,55,0,5.16,MZ,1691589130
421,pran buri,12.3847,99.9098,300.28,74,98,3.71,TH,1691589130
422,wenling,28.3669,121.36,300.46,86,37,0.72,CN,1691589130
423,nuuk,64.1835,-51.7216,277.49,100,100,3.6,GL,1691589131
424,takoradi,4.8845,-1.7554,297.83,82,99,5.85,GH,1691589037
425,kota kinabalu,5.9749,116.0724,300.14,69,20,3.13,MY,1691589131
426,san antonio de pale,-1.4014,5.6325,297.05,77,100,4.44,GQ,1691589131
427,gravina di catania,37.5555,15.063,302.31,49,20,6.69,IT,1691589131
428,bengkulu,-3.8004,102.2655,298.65,89,74,3.17,ID,1691589131
429,suntar,62.1444,117.6319,291.32,72,1,2.94,RU,1691589132
430,mar del plata,-38.0023,-57.5575,283.16,93,0,3.09,AR,1691589132
431,birao,10.2849,22.7882,299.37,83,98,3.1,CF,1691589132
432,el bayadh,33.6832,1.0193,310.43,9,17,7.65,DZ,1691589132
433,laguna,38.421,-121.4238,290.14,88,0,2.06,US,1691589133
434,basco,20.4487,121.9702,301.79,83,34,11.83,PH,1691589133
435,zanjan,36.6736,48.4787,304.98,22,20,3.09,IR,1691589133
436,juneau,58.3019,-134.4197,286.6,97,75,1.54,US,1691589092
437,al bawiti,28.3492,28.8659,309.5,15,0,6.32,EG,1691589133
438,kittila,67.6647,24.8936,295.23,60,20,2.57,FI,1691589133
439,shingu,33.7333,135.9833,299.94,94,75,5.36,JP,1691589134
440,gorontalo,0.5412,123.0595,297.44,93,83,2.24,ID,1691589134
441,bonthe,7.5264,-12.505,299.94,81,99,5.83,SL,1691589134
442,urengoy,65.9667,78.3667,283.76,91,100,7.6,RU,1691589134
443,ghanzi,-21.5667,21.7833,298.02,13,0,5.01,BW,1691589134
444,saint-joseph,-21.3667,55.6167,296.19,80,40,3.34,RE,1691589135
445,abashiri,44.0213,144.2697,291.63,99,100,2.44,JP,1691589135
446,pinarhisar,41.6242,27.52,297.58,46,66,6.88,TR,1691589135
447,creston,41.0586,-94.3614,293.55,100,0,0.0,US,1691589135
448,taroudant,30.4703,-8.877,319.07,9,30,5.19,MA,1691589135
449,mandalgovi,45.7625,106.2708,299.05,32,100,7.2,MN,1691589136
450,weihai,37.5017,122.1136,298.46,88,0,3.38,CN,1691589136
451,halifax,44.6453,-63.5724,294.09,98,100,4.63,CA,1691588906
452,vorkuta,67.5,64.0,285.78,57,99,2.66,RU,1691589136
453,zelenogorskiy,55.0333,87.0,290.31,79,39,1.79,RU,1691588947
454,charters towers,-20.1,146.2667,287.46,89,5,3.31,AU,1691589136
455,shitanjing,39.2342,106.3439,299.9,54,72,4.29,CN,1691589137
456,la ronge,55.1001,-105.2842,282.29,100,40,0.0,CA,1691589137
457,andovoranto,-18.95,49.1,293.85,90,13,4.63,MG,1691589137
458,rio grande,-32.035,-52.0986,291.21,82,100,9.47,BR,1691589137
459,altai,46.3722,96.2583,291.03,49,31,3.96,MN,1691589137
460,inegol,40.0781,29.5133,294.75,73,93,3.5,TR,1691589138
461,pasuquin,18.3328,120.6177,300.24,86,42,4.93,PH,1691589138
462,port hedland,-20.3167,118.5667,293.18,45,0,0.0,AU,1691589138
463,bikenibeu village,1.3673,173.1241,299.13,89,40,0.51,KI,1691589138
464,rurrenabaque,-14.4413,-67.5278,296.98,94,6,0.0,BO,1691589138
465,vigia,-0.8583,-48.1417,304.19,59,3,3.98,BR,1691589090
466,porto novo,6.4965,2.6036,300.05,67,66,6.72,BJ,1691589139
467,muang phonsavan,19.45,103.2167,292.79,99,100,0.81,LA,1691589139
468,mossel bay,-34.1831,22.146,292.11,78,0,5.42,ZA,1691589139
469,levuka,50.1834,-105.4011,284.05,93,100,3.09,CA,1691589139
470,kall,50.55,6.55,295.45,72,40,4.72,DE,1691589140
471,chela,34.069,104.4619,291.45,96,100,1.81,CN,1691589140
472,mao,39.8885,4.2658,302.46,54,20,4.12,ES,1691589141
473,alice springs,-23.7,133.8833,284.9,50,0,0.0,AU,1691589141
474,tahe,52.3333,124.7333,289.29,84,100,0.55,CN,1691589142
475,prado,-17.3411,-39.2208,298.32,67,23,3.96,BR,1691589142
476,gizo,-8.103,156.8419,299.49,81,98,9.51,SB,1691589142
477,anshun,26.25,105.9333,293.4,95,10,1.54,CN,1691589142
478,hassi messaoud,31.6804,6.0729,316.07,11,0,2.06,DZ,1691589142
479,qamdo,31.1667,97.2333,283.5,64,35,1.05,CN,1691589143
480,auna,10.1881,4.7232,301.5,73,88,3.62,NG,1691589143
481,saint croix,17.7397,-64.7388,304.4,70,20,6.69,VI,1691589143
482,kaa-khem,51.6833,94.7333,291.47,83,100,0.8,RU,1691589143
483,pytalovo,57.0679,27.9138,294.14,37,92,3.63,RU,1691589144
484,yichang,30.7144,111.2847,301.48,71,18,0.87,CN,1691589144
485,kuruman,-27.4524,23.4325,297.59,10,0,5.77,ZA,1691589144
486,siemiatycze,52.4272,22.8623,292.72,50,100,0.72,PL,1691589144
487,dabakala,8.3667,-4.4333,298.83,86,100,3.7,CI,1691589144
488,shenjiamen,29.9576,122.298,300.37,88,0,4.69,CN,1691589145
489,fortuna,40.5982,-124.1573,289.34,95,100,0.0,US,1691589145
490,grand falls-windsor,48.9332,-55.6649,288.99,78,97,2.19,CA,1691589145
491,vernon,50.2581,-119.2691,293.87,62,90,0.51,CA,1691589145
492,al jawf,29.5,38.75,312.52,10,0,1.12,SA,1691589145
493,crane,31.3974,-102.3501,301.43,42,12,6.98,US,1691589145
494,akureyri,65.6835,-18.0878,283.11,71,75,5.66,IS,1691589146
495,galvez,-32.0293,-61.221,287.54,56,26,2.88,AR,1691589146
496,posto fiscal rolim de moura,-13.0833,-62.2667,306.38,35,9,1.33,BR,1691589146
497,manacapuru,-3.2997,-60.6206,306.06,47,4,1.68,BR,1691589146
498,argo,37.6333,22.7333,302.47,37,26,3.01,GR,1691589146
499,san pedro de ycuamandiyu,-24.0917,-57.0764,297.05,76,90,0.56,PY,1691589146
500,shagamu,6.8432,3.6478,302.03,70,92,4.14,NG,1691589147
501,bafoulabe,13.8065,-10.8321,307.77,47,63,3.77,ML,1691589147
502,cole harbour,44.6724,-63.4751,293.81,98,100,4.63,CA,1691589147
503,ji'an,27.1172,114.9793,301.29,84,98,1.32,CN,1691589147
504,makarov,48.6333,142.8,287.46,96,100,3.56,RU,1691589148
505,amahai,-3.3333,128.9167,297.73,83,49,3.18,ID,1691589148
506,christchurch,-43.5333,172.6333,278.1,81,100,4.12,NZ,1691588777
507,nago,26.5881,127.9761,301.62,90,99,4.81,JP,1691589148
508,curuca,-0.7289,-47.8481,304.29,55,5,3.81,BR,1691589148
509,slonim,53.0867,25.3219,292.39,63,78,2.64,BY,1691589148
510,greymouth,-42.4667,171.2,279.06,90,94,2.83,NZ,1691589149
511,san-pedro,4.7485,-6.6363,298.53,83,85,5.8,CI,1691589149
512,grove city,39.8815,-83.093,297.27,82,0,2.06,US,1691589149
513,westport,41.1415,-73.3579,298.86,64,0,5.14,US,1691588967
514,humaita,-7.5061,-63.0208,306.74,47,72,0.12,BR,1691589149
515,at taj,24.2049,23.2857,312.46,17,5,1.89,LY,1691589150
516,howard springs,-12.497,131.047,297.1,75,79,1.81,AU,1691589150
517,bazarak,35.3129,69.5152,296.34,32,1,4.62,AF,1691589150
518,timimoun,29.2639,0.231,317.36,6,0,7.72,DZ,1691589150
519,khamis mushait,18.3064,42.7292,304.49,8,75,5.66,SA,1691589150
520,magistral'nyy,56.1725,107.4458,291.82,88,100,1.46,RU,1691589151
521,kerikeri,-35.2268,173.9474,280.1,90,8,1.71,NZ,1691589151
522,mahad,18.0833,73.4167,299.31,87,100,1.0,IN,1691589151
523,lienz,46.8289,12.769,293.09,68,100,2.0,AT,1691589151
524,ilebo,-4.3167,20.5833,303.65,46,82,1.27,CD,1691589151
525,madalena,41.2162,-8.3345,296.21,68,73,4.9,PT,1691589151
526,petropavlovsk-kamchatsky,53.0452,158.6483,286.48,77,0,2.0,RU,1691589152
527,kapit,2.0167,112.9333,297.84,92,100,0.5,MY,1691589152
528,dongola,19.1667,30.4833,315.42,18,33,3.69,SD,1691589152
529,zabol,32.25,67.25,303.89,10,0,6.67,AF,1691589153
530,cinarcik,40.6412,29.146,297.62,66,89,8.86,TR,1691589153
531,przemysl,49.785,22.7673,295.02,51,100,4.92,PL,1691588988
532,dirba,30.0667,75.9833,306.11,51,37,2.2,IN,1691589153
533,karymskoye,51.6167,114.35,294.21,47,100,1.66,RU,1691589153
534,chicoana,-25.1009,-65.5331,287.62,33,0,1.01,AR,1691589154
535,bojia,26.4672,111.9681,301.33,85,55,0.81,CN,1691589154
536,senillosa,-39.0,-68.4167,282.03,32,100,1.29,AR,1691589154
537,yelizovo,53.1873,158.3805,287.23,76,0,2.0,RU,1691589154
538,khamharia,20.9833,82.2667,300.23,71,81,2.16,IN,1691589154
539,la passe,45.5549,-0.8967,304.28,24,0,2.33,FR,1691589155
540,coahuayana de hidalgo,18.7,-103.6583,301.12,81,16,1.4,MX,1691589155
541,xindi,29.8167,113.4667,300.06,75,95,3.26,CN,1691589155
542,bantilan,14.7519,121.6656,300.98,84,77,3.3,PH,1691589155
543,conceicao do araguaia,-8.2578,-49.2647,309.09,25,11,3.04,BR,1691589155
544,hammerfest,70.6634,23.6821,299.4,61,20,2.06,NO,1691589156
545,north platte,41.1239,-100.7654,291.69,91,0,2.06,US,1691589156
546,island harbour,50.724,-1.2758,297.68,73,74,2.24,GB,1691589156
547,butte,39.6499,-121.5677,291.27,68,0,1.54,US,1691589156
548,manicore,-5.8092,-61.3003,308.3,38,6,1.13,BR,1691589156
549,el fuerte,26.4189,-108.6194,301.43,62,97,1.48,MX,1691589156
550,juan griego,11.0817,-63.9655,303.22,74,47,4.12,VE,1691589157
551,namdrik,5.5994,168.1028,300.75,79,100,5.25,MH,1691589157
552,byron bay,-28.65,153.6167,283.54,77,1,1.08,AU,1691589010
553,ostersund,63.1792,14.6357,290.4,55,75,8.75,SE,1691589157
554,lorengau,-2.0226,147.2712,301.02,75,100,7.06,PG,1691589157
555,as sulayyil,20.4607,45.5779,318.29,5,3,4.03,SA,1691589157
556,coxen hole,16.3244,-86.5366,301.75,84,20,9.26,HN,1691589158
557,luanco,43.6152,-5.7934,299.27,78,3,1.36,ES,1691589158
558,sarkand,45.41,79.9186,296.1,45,53,1.46,KZ,1691589158
559,egilsstadir,65.2653,-14.3948,283.1,66,75,7.2,IS,1691589158
560,gorgan,36.8387,54.4348,310.13,32,20,2.06,IR,1691589158
561,barakani,-12.1356,44.4317,298.05,72,18,5.09,KM,1691589158
562,salalah,17.0151,54.0924,300.2,89,100,4.63,OM,1691589159
